service_id,monday,tuesday,wednesday,thursday,friday,saturday,sunday,start_date,end_date
1001J,0,0,0,1,0,0,0,20261029,20261029
1002V,0,0,0,0,1,0,0,20261030,20261030
1003S,0,0,0,0,0,1,0,20261031,20261031
1004D,0,0,0,0,0,0,1,20261101,20261101
1005L,1,0,0,0,0,0,0,20261102,20261102
1006M,0,1,0,0,0,0,0,20261103,20261103
1007X,0,0,1,0,0,0,0,20261104,20261104
1008J,0,0,0,1,0,0,0,20261105,20261105
1009V,0,0,0,0,1,0,0,20261106,20261106
1010S,0,0,0,0,0,1,0,20261107,20261107
1011D,0,0,0,0,0,0,1,20261108,20261108
1081S,0,0,0,0,0,1,0,20261010,20261010
1082D,0,0,0,0,0,0,1,20261011,20261011
1083L,1,0,0,0,0,0,0,20261012,20261012
1084M,0,1,0,0,0,0,0,20261013,20261013
1085X,0,0,1,0,0,0,0,20261014,20261014
1086J,0,0,0,1,0,0,0,20261015,20261015
1087V,0,0,0,0,1,0,0,20261016,20261016
1088S,0,0,0,0,0,1,0,20261017,20261017
1089D,0,0,0,0,0,0,1,20261018,20261018
1090L,1,0,0,0,0,0,0,20261019,20261019
1091M,0,1,0,0,0,0,0,20261020,20261020
1092X,0,0,1,0,0,0,0,20261021,20261021
1093J,0,0,0,1,0,0,0,20261022,20261022
1094V,0,0,0,0,1,0,0,20261023,20261023
1095S,0,0,0,0,0,1,0,20261024,20261024
1096D,0,0,0,0,0,0,1,20261025,20261025
1097L,1,0,0,0,0,0,0,20261026,20261026
1098M,0,1,0,0,0,0,0,20261027,20261027
1099X,0,0,1,0,0,0,0,20261028,20261028
2001J,0,0,0,1,0,0,0,20261029,20261029
2002V,0,0,0,0,1,0,0,20261030,20261030
2003S,0,0,0,0,0,1,0,20261031,20261031
2004D,0,0,0,0,0,0,1,20261101,20261101
2005L,1,0,0,0,0,0,0,20261102,20261102
2006M,0,1,0,0,0,0,0,20261103,20261103
2007X,0,0,1,0,0,0,0,20261104,20261104
2008J,0,0,0,1,0,0,0,20261105,20261105
2009V,0,0,0,0,1,0,0,20261106,20261106
2010S,0,0,0,0,0,1,0,20261107,20261107
2011D,0,0,0,0,0,0,1,20261108,20261108
2081S,0,0,0,0,0,1,0,20261010,20261010
2082D,0,0,0,0,0,0,1,20261011,20261011
2083L,1,0,0,0,0,0,0,20261012,20261012
2084M,0,1,0,0,0,0,0,20261013,20261013
2085X,0,0,1,0,0,0,0,20261014,20261014
2086J,0,0,0,1,0,0,0,20261015,20261015
2087V,0,0,0,0,1,0,0,20261016,20261016
2088S,0,0,0,0,0,1,0,20261017,20261017
2089D,0,0,0,0,0,0,1,20261018,20261018
2090L,1,0,0,0,0,0,0,20261019,20261019
2091M,0,1,0,0,0,0,0,20261020,20261020
2092X,0,0,1,0,0,0,0,20261021,20261021
2093J,0,0,0,1,0,0,0,20261022,20261022
2094V,0,0,0,0,1,0,0,20261023,20261023
2095S,0,0,0,0,0,1,0,20261024,20261024
2096D,0,0,0,0,0,0,1,20261025,20261025
2097L,1,0,0,0,0,0,0,20261026,20261026
2098M,0,1,0,0,0,0,0,20261027,20261027
2099X,0,0,1,0,0,0,0,20261028,20261028
3001J,0,0,0,1,0,0,0,20261029,20261029
3002V,0,0,0,0,1,0,0,20261030,20261030
3003S,0,0,0,0,0,1,0,20261031,20261031
3004D,0,0,0,0,0,0,1,20261101,20261101
3005L,1,0,0,0,0,0,0,20261102,20261102
3006M,0,1,0,0,0,0,0,20261103,20261103
3007X,0,0,1,0,0,0,0,20261104,20261104
3008J,0,0,0,1,0,0,0,20261105,20261105
3009V,0,0,0,0,1,0,0,20261106,20261106
3010S,0,0,0,0,0,1,0,20261107,20261107
3011D,0,0,0,0,0,0,1,20261108,20261108
3081S,0,0,0,0,0,1,0,20261010,20261010
3082D,0,0,0,0,0,0,1,20261011,20261011
3083L,1,0,0,0,0,0,0,20261012,20261012
3084M,0,1,0,0,0,0,0,20261013,20261013
3085X,0,0,1,0,0,0,0,20261014,20261014
3086J,0,0,0,1,0,0,0,20261015,20261015
3087V,0,0,0,0,1,0,0,20261016,20261016
3088S,0,0,0,0,0,1,0,20261017,20261017
3089D,0,0,0,0,0,0,1,20261018,20261018
3090L,1,0,0,0,0,0,0,20261019,20261019
3091M,0,1,0,0,0,0,0,20261020,20261020
3092X,0,0,1,0,0,0,0,20261021,20261021
3093J,0,0,0,1,0,0,0,20261022,20261022
3094V,0,0,0,0,1,0,0,20261023,20261023
3095S,0,0,0,0,0,1,0,20261024,20261024
3096D,0,0,0,0,0,0,1,20261025,20261025
3097L,1,0,0,0,0,0,0,20261026,20261026
3098M,0,1,0,0,0,0,0,20261027,20261027
3099X,0,0,1,0,0,0,0,20261028,20261028
3101J,0,0,0,1,0,0,0,20261029,20261029
3102V,0,0,0,0,1,0,0,20261030,20261030
3103S,0,0,0,0,0,1,0,20261031,20261031
3104D,0,0,0,0,0,0,1,20261101,20261101
3105L,1,0,0,0,0,0,0,20261102,20261102
3106M,0,1,0,0,0,0,0,20261103,20261103
3107X,0,0,1,0,0,0,0,20261104,20261104
3108J,0,0,0,1,0,0,0,20261105,20261105
3109V,0,0,0,0,1,0,0,20261106,20261106
3110S,0,0,0,0,0,1,0,20261107,20261107
3111D,0,0,0,0,0,0,1,20261108,20261108
3181S,0,0,0,0,0,1,0,20261010,20261010
3182D,0,0,0,0,0,0,1,20261011,20261011
3183L,1,0,0,0,0,0,0,20261012,20261012
3184M,0,1,0,0,0,0,0,20261013,20261013
3185X,0,0,1,0,0,0,0,20261014,20261014
3186J,0,0,0,1,0,0,0,20261015,20261015
3187V,0,0,0,0,1,0,0,20261016,20261016
3188S,0,0,0,0,0,1,0,20261017,20261017
3189D,0,0,0,0,0,0,1,20261018,20261018
3190L,1,0,0,0,0,0,0,20261019,20261019
3191M,0,1,0,0,0,0,0,20261020,20261020
3192X,0,0,1,0,0,0,0,20261021,20261021
3193J,0,0,0,1,0,0,0,20261022,20261022
3194V,0,0,0,0,1,0,0,20261023,20261023
3195S,0,0,0,0,0,1,0,20261024,20261024
3196D,0,0,0,0,0,0,1,20261025,20261025
3197L,1,0,0,0,0,0,0,20261026,20261026
3198M,0,1,0,0,0,0,0,20261027,20261027
3199X,0,0,1,0,0,0,0,20261028,20261028
3201J,0,0,0,1,0,0,0,20261029,20261029
3202V,0,0,0,0,1,0,0,20261030,20261030
3203S,0,0,0,0,0,1,0,20261031,20261031
3204D,0,0,0,0,0,0,1,20261101,20261101
3205L,1,0,0,0,0,0,0,20261102,20261102
3206M,0,1,0,0,0,0,0,20261103,20261103
3207X,0,0,1,0,0,0,0,20261104,20261104
3208J,0,0,0,1,0,0,0,20261105,20261105
3209V,0,0,0,0,1,0,0,20261106,20261106
3210S,0,0,0,0,0,1,0,20261107,20261107
3211D,0,0,0,0,0,0,1,20261108,20261108
3281S,0,0,0,0,0,1,0,20261010,20261010
3282D,0,0,0,0,0,0,1,20261011,20261011
3283L,1,0,0,0,0,0,0,20261012,20261012
3284M,0,1,0,0,0,0,0,20261013,20261013
3285X,0,0,1,0,0,0,0,20261014,20261014
3286J,0,0,0,1,0,0,0,20261015,20261015
3287V,0,0,0,0,1,0,0,20261016,20261016
3288S,0,0,0,0,0,1,0,20261017,20261017
3289D,0,0,0,0,0,0,1,20261018,20261018
3290L,1,0,0,0,0,0,0,20261019,20261019
3291M,0,1,0,0,0,0,0,20261020,20261020
3292X,0,0,1,0,0,0,0,20261021,20261021
3293J,0,0,0,1,0,0,0,20261022,20261022
3294V,0,0,0,0,1,0,0,20261023,20261023
3295S,0,0,0,0,0,1,0,20261024,20261024
3296D,0,0,0,0,0,0,1,20261025,20261025
3297L,1,0,0,0,0,0,0,20261026,20261026
3298M,0,1,0,0,0,0,0,20261027,20261027
3299X,0,0,1,0,0,0,0,20261028,20261028
4001J,0,0,0,1,0,0,0,20261029,20261029
4002V,0,0,0,0,1,0,0,20261030,20261030
4003S,0,0,0,0,0,1,0,20261031,20261031
4004D,0,0,0,0,0,0,1,20261101,20261101
4005L,1,0,0,0,0,0,0,20261102,20261102
4006M,0,1,0,0,0,0,0,20261103,20261103
4007X,0,0,1,0,0,0,0,20261104,20261104
4008J,0,0,0,1,0,0,0,20261105,20261105
4009V,0,0,0,0,1,0,0,20261106,20261106
4010S,0,0,0,0,0,1,0,20261107,20261107
4011D,0,0,0,0,0,0,1,20261108,20261108
4081S,0,0,0,0,0,1,0,20261010,20261010
4082D,0,0,0,0,0,0,1,20261011,20261011
4083L,1,0,0,0,0,0,0,20261012,20261012
4084M,0,1,0,0,0,0,0,20261013,20261013
4085X,0,0,1,0,0,0,0,20261014,20261014
4086J,0,0,0,1,0,0,0,20261015,20261015
4087V,0,0,0,0,1,0,0,20261016,20261016
4088S,0,0,0,0,0,1,0,20261017,20261017
4089D,0,0,0,0,0,0,1,20261018,20261018
4090L,1,0,0,0,0,0,0,20261019,20261019
4091M,0,1,0,0,0,0,0,20261020,20261020
4092X,0,0,1,0,0,0,0,20261021,20261021
4093J,0,0,0,1,0,0,0,20261022,20261022
4094V,0,0,0,0,1,0,0,20261023,20261023
4095S,0,0,0,0,0,1,0,20261024,20261024
4096D,0,0,0,0,0,0,1,20261025,20261025
4097L,1,0,0,0,0,0,0,20261026,20261026
4098M,0,1,0,0,0,0,0,20261027,20261027
4099X,0,0,1,0,0,0,0,20261028,20261028
4101J,0,0,0,1,0,0,0,20261029,20261029
4102V,0,0,0,0,1,0,0,20261030,20261030
4103S,0,0,0,0,0,1,0,20261031,20261031
4104D,0,0,0,0,0,0,1,20261101,20261101
4105L,1,0,0,0,0,0,0,20261102,20261102
4106M,0,1,0,0,0,0,0,20261103,20261103
4107X,0,0,1,0,0,0,0,20261104,20261104
4108J,0,0,0,1,0,0,0,20261105,20261105
4109V,0,0,0,0,1,0,0,20261106,20261106
4110S,0,0,0,0,0,1,0,20261107,20261107
4111D,0,0,0,0,0,0,1,20261108,20261108
4181S,0,0,0,0,0,1,0,20261010,20261010
4182D,0,0,0,0,0,0,1,20261011,20261011
4183L,1,0,0,0,0,0,0,20261012,20261012
4184M,0,1,0,0,0,0,0,20261013,20261013
4185X,0,0,1,0,0,0,0,20261014,20261014
4186J,0,0,0,1,0,0,0,20261015,20261015
4187V,0,0,0,0,1,0,0,20261016,20261016
4188S,0,0,0,0,0,1,0,20261017,20261017
4189D,0,0,0,0,0,0,1,20261018,20261018
4190L,1,0,0,0,0,0,0,20261019,20261019
4191M,0,1,0,0,0,0,0,20261020,20261020
4192X,0,0,1,0,0,0,0,20261021,20261021
4193J,0,0,0,1,0,0,0,20261022,20261022
4194V,0,0,0,0,1,0,0,20261023,20261023
4195S,0,0,0,0,0,1,0,20261024,20261024
4196D,0,0,0,0,0,0,1,20261025,20261025
4197L,1,0,0,0,0,0,0,20261026,20261026
4198M,0,1,0,0,0,0,0,20261027,20261027
4199X,0,0,1,0,0,0,0,20261028,20261028
4501J,0,0,0,1,0,0,0,20261029,20261029
4502V,0,0,0,0,1,0,0,20261030,20261030
4503S,0,0,0,0,0,1,0,20261031,20261031
4504D,0,0,0,0,0,0,1,20261101,20261101
4505L,1,0,0,0,0,0,0,20261102,20261102
4506M,0,1,0,0,0,0,0,20261103,20261103
4507X,0,0,1,0,0,0,0,20261104,20261104
4508J,0,0,0,1,0,0,0,20261105,20261105
4509V,0,0,0,0,1,0,0,20261106,20261106
4510S,0,0,0,0,0,1,0,20261107,20261107
4511D,0,0,0,0,0,0,1,20261108,20261108
4581S,0,0,0,0,0,1,0,20261010,20261010
4582D,0,0,0,0,0,0,1,20261011,20261011
4583L,1,0,0,0,0,0,0,20261012,20261012
4584M,0,1,0,0,0,0,0,20261013,20261013
4585X,0,0,1,0,0,0,0,20261014,20261014
4586J,0,0,0,1,0,0,0,20261015,20261015
4587V,0,0,0,0,1,0,0,20261016,20261016
4588S,0,0,0,0,0,1,0,20261017,20261017
4589D,0,0,0,0,0,0,1,20261018,20261018
4590L,1,0,0,0,0,0,0,20261019,20261019
4591M,0,1,0,0,0,0,0,20261020,20261020
4592X,0,0,1,0,0,0,0,20261021,20261021
4593J,0,0,0,1,0,0,0,20261022,20261022
4594V,0,0,0,0,1,0,0,20261023,20261023
4595S,0,0,0,0,0,1,0,20261024,20261024
4596D,0,0,0,0,0,0,1,20261025,20261025
4597L,1,0,0,0,0,0,0,20261026,20261026
4598M,0,1,0,0,0,0,0,20261027,20261027
4599X,0,0,1,0,0,0,0,20261028,20261028
4601J,0,0,0,1,0,0,0,20261029,20261029
4602V,0,0,0,0,1,0,0,20261030,20261030
4603S,0,0,0,0,0,1,0,20261031,20261031
4604D,0,0,0,0,0,0,1,20261101,20261101
4605L,1,0,0,0,0,0,0,20261102,20261102
4606M,0,1,0,0,0,0,0,20261103,20261103
4607X,0,0,1,0,0,0,0,20261104,20261104
4608J,0,0,0,1,0,0,0,20261105,20261105
4609V,0,0,0,0,1,0,0,20261106,20261106
4610S,0,0,0,0,0,1,0,20261107,20261107
4611D,0,0,0,0,0,0,1,20261108,20261108
4681S,0,0,0,0,0,1,0,20261010,20261010
4682D,0,0,0,0,0,0,1,20261011,20261011
4683L,1,0,0,0,0,0,0,20261012,20261012
4684M,0,1,0,0,0,0,0,20261013,20261013
4685X,0,0,1,0,0,0,0,20261014,20261014
4686J,0,0,0,1,0,0,0,20261015,20261015
4687V,0,0,0,0,1,0,0,20261016,20261016
4688S,0,0,0,0,0,1,0,20261017,20261017
4689D,0,0,0,0,0,0,1,20261018,20261018
4690L,1,0,0,0,0,0,0,20261019,20261019
4691M,0,1,0,0,0,0,0,20261020,20261020
4692X,0,0,1,0,0,0,0,20261021,20261021
4693J,0,0,0,1,0,0,0,20261022,20261022
4694V,0,0,0,0,1,0,0,20261023,20261023
4695S,0,0,0,0,0,1,0,20261024,20261024
4696D,0,0,0,0,0,0,1,20261025,20261025
4697L,1,0,0,0,0,0,0,20261026,20261026
4698M,0,1,0,0,0,0,0,20261027,20261027
4699X,0,0,1,0,0,0,0,20261028,20261028
4701J,0,0,0,1,0,0,0,20261029,20261029
4702V,0,0,0,0,1,0,0,20261030,20261030
4703S,0,0,0,0,0,1,0,20261031,20261031
4704D,0,0,0,0,0,0,1,20261101,20261101
4705L,1,0,0,0,0,0,0,20261102,20261102
4706M,0,1,0,0,0,0,0,20261103,20261103
4707X,0,0,1,0,0,0,0,20261104,20261104
4708J,0,0,0,1,0,0,0,20261105,20261105
4709V,0,0,0,0,1,0,0,20261106,20261106
4710S,0,0,0,0,0,1,0,20261107,20261107
4711D,0,0,0,0,0,0,1,20261108,20261108
4781S,0,0,0,0,0,1,0,20261010,20261010
4782D,0,0,0,0,0,0,1,20261011,20261011
4783L,1,0,0,0,0,0,0,20261012,20261012
4784M,0,1,0,0,0,0,0,20261013,20261013
4785X,0,0,1,0,0,0,0,20261014,20261014
4786J,0,0,0,1,0,0,0,20261015,20261015
4787V,0,0,0,0,1,0,0,20261016,20261016
4788S,0,0,0,0,0,1,0,20261017,20261017
4789D,0,0,0,0,0,0,1,20261018,20261018
4790L,1,0,0,0,0,0,0,20261019,20261019
4791M,0,1,0,0,0,0,0,20261020,20261020
4792X,0,0,1,0,0,0,0,20261021,20261021
4793J,0,0,0,1,0,0,0,20261022,20261022
4794V,0,0,0,0,1,0,0,20261023,20261023
4795S,0,0,0,0,0,1,0,20261024,20261024
4796D,0,0,0,0,0,0,1,20261025,20261025
4797L,1,0,0,0,0,0,0,20261026,20261026
4798M,0,1,0,0,0,0,0,20261027,20261027
4799X,0,0,1,0,0,0,0,20261028,20261028
5101 ,0,0,0,0,0,0,0,20261029,20261029
5102 ,0,0,0,0,0,0,0,20261030,20261030
5103 ,0,0,0,0,0,0,0,20261031,20261031
5104 ,0,0,0,0,0,0,0,20261101,20261101
5105 ,0,0,0,0,0,0,0,20261102,20261102
5106 ,0,0,0,0,0,0,0,20261103,20261103
5107 ,0,0,0,0,0,0,0,20261104,20261104
5108 ,0,0,0,0,0,0,0,20261105,20261105
5109 ,0,0,0,0,0,0,0,20261106,20261106
5110 ,0,0,0,0,0,0,0,20261107,20261107
5111 ,0,0,0,0,0,0,0,20261108,20261108
5181S,0,0,0,0,0,1,0,20261010,20261010
5182D,0,0,0,0,0,0,1,20261011,20261011
5183L,1,0,0,0,0,0,0,20261012,20261012
5184M,0,1,0,0,0,0,0,20261013,20261013
5185X,0,0,1,0,0,0,0,20261014,20261014
5186J,0,0,0,1,0,0,0,20261015,20261015
5187V,0,0,0,0,1,0,0,20261016,20261016
5188S,0,0,0,0,0,1,0,20261017,20261017
5189D,0,0,0,0,0,0,1,20261018,20261018
5190L,1,0,0,0,0,0,0,20261019,20261019
5191M,0,1,0,0,0,0,0,20261020,20261020
5192X,0,0,1,0,0,0,0,20261021,20261021
5193 ,0,0,0,0,0,0,0,20261022,20261022
5194 ,0,0,0,0,0,0,0,20261023,20261023
5195 ,0,0,0,0,0,0,0,20261024,20261024
5196 ,0,0,0,0,0,0,0,20261025,20261025
5197 ,0,0,0,0,0,0,0,20261026,20261026
5198 ,0,0,0,0,0,0,0,20261027,20261027
5199 ,0,0,0,0,0,0,0,20261028,20261028
6001J,0,0,0,1,0,0,0,20261029,20261029
6002V,0,0,0,0,1,0,0,20261030,20261030
6003S,0,0,0,0,0,1,0,20261031,20261031
6004D,0,0,0,0,0,0,1,20261101,20261101
6005L,1,0,0,0,0,0,0,20261102,20261102
6006M,0,1,0,0,0,0,0,20261103,20261103
6007X,0,0,1,0,0,0,0,20261104,20261104
6008J,0,0,0,1,0,0,0,20261105,20261105
6009V,0,0,0,0,1,0,0,20261106,20261106
6010S,0,0,0,0,0,1,0,20261107,20261107
6011D,0,0,0,0,0,0,1,20261108,20261108
6081S,0,0,0,0,0,1,0,20261010,20261010
6082D,0,0,0,0,0,0,1,20261011,20261011
6083L,1,0,0,0,0,0,0,20261012,20261012
6084M,0,1,0,0,0,0,0,20261013,20261013
6085X,0,0,1,0,0,0,0,20261014,20261014
6086J,0,0,0,1,0,0,0,20261015,20261015
6087V,0,0,0,0,1,0,0,20261016,20261016
6088S,0,0,0,0,0,1,0,20261017,20261017
6089D,0,0,0,0,0,0,1,20261018,20261018
6090L,1,0,0,0,0,0,0,20261019,20261019
6091M,0,1,0,0,0,0,0,20261020,20261020
6092X,0,0,1,0,0,0,0,20261021,20261021
6093J,0,0,0,1,0,0,0,20261022,20261022
6094V,0,0,0,0,1,0,0,20261023,20261023
6095S,0,0,0,0,0,1,0,20261024,20261024
6096D,0,0,0,0,0,0,1,20261025,20261025
6097L,1,0,0,0,0,0,0,20261026,20261026
6098M,0,1,0,0,0,0,0,20261027,20261027
6099X,0,0,1,0,0,0,0,20261028,20261028
6101J,0,0,0,1,0,0,0,20261029,20261029
6102V,0,0,0,0,1,0,0,20261030,20261030
6103S,0,0,0,0,0,1,0,20261031,20261031
6104D,0,0,0,0,0,0,1,20261101,20261101
6105L,1,0,0,0,0,0,0,20261102,20261102
6106M,0,1,0,0,0,0,0,20261103,20261103
6107X,0,0,1,0,0,0,0,20261104,20261104
6108J,0,0,0,1,0,0,0,20261105,20261105
6109V,0,0,0,0,1,0,0,20261106,20261106
6110S,0,0,0,0,0,1,0,20261107,20261107
6111D,0,0,0,0,0,0,1,20261108,20261108
6181S,0,0,0,0,0,1,0,20261010,20261010
6182D,0,0,0,0,0,0,1,20261011,20261011
6183L,1,0,0,0,0,0,0,20261012,20261012
6184M,0,1,0,0,0,0,0,20261013,20261013
6185X,0,0,1,0,0,0,0,20261014,20261014
6186J,0,0,0,1,0,0,0,20261015,20261015
6187V,0,0,0,0,1,0,0,20261016,20261016
6188S,0,0,0,0,0,1,0,20261017,20261017
6189D,0,0,0,0,0,0,1,20261018,20261018
6190L,1,0,0,0,0,0,0,20261019,20261019
6191M,0,1,0,0,0,0,0,20261020,20261020
6192X,0,0,1,0,0,0,0,20261021,20261021
6193J,0,0,0,1,0,0,0,20261022,20261022
6194V,0,0,0,0,1,0,0,20261023,20261023
6195S,0,0,0,0,0,1,0,20261024,20261024
6196D,0,0,0,0,0,0,1,20261025,20261025
6197L,1,0,0,0,0,0,0,20261026,20261026
6198M,0,1,0,0,0,0,0,20261027,20261027
6199X,0,0,1,0,0,0,0,20261028,20261028
6201J,0,0,0,1,0,0,0,20261029,20261029
6202V,0,0,0,0,1,0,0,20261030,20261030
6203S,0,0,0,0,0,1,0,20261031,20261031
6204D,0,0,0,0,0,0,1,20261101,20261101
6205L,1,0,0,0,0,0,0,20261102,20261102
6206M,0,1,0,0,0,0,0,20261103,20261103
6207X,0,0,1,0,0,0,0,20261104,20261104
6208J,0,0,0,1,0,0,0,20261105,20261105
6209V,0,0,0,0,1,0,0,20261106,20261106
6210S,0,0,0,0,0,1,0,20261107,20261107
6211D,0,0,0,0,0,0,1,20261108,20261108
6281S,0,0,0,0,0,1,0,20261010,20261010
6282D,0,0,0,0,0,0,1,20261011,20261011
6283L,1,0,0,0,0,0,0,20261012,20261012
6284M,0,1,0,0,0,0,0,20261013,20261013
6285X,0,0,1,0,0,0,0,20261014,20261014
6286J,0,0,0,1,0,0,0,20261015,20261015
6287V,0,0,0,0,1,0,0,20261016,20261016
6288S,0,0,0,0,0,1,0,20261017,20261017
6289D,0,0,0,0,0,0,1,20261018,20261018
6290L,1,0,0,0,0,0,0,20261019,20261019
6291M,0,1,0,0,0,0,0,20261020,20261020
6292X,0,0,1,0,0,0,0,20261021,20261021
6293J,0,0,0,1,0,0,0,20261022,20261022
6294V,0,0,0,0,1,0,0,20261023,20261023
6295S,0,0,0,0,0,1,0,20261024,20261024
6296D,0,0,0,0,0,0,1,20261025,20261025
6297L,1,0,0,0,0,0,0,20261026,20261026
6298M,0,1,0,0,0,0,0,20261027,20261027
6299X,0,0,1,0,0,0,0,20261028,20261028
7001J,0,0,0,1,0,0,0,20261029,20261029
7002V,0,0,0,0,1,0,0,20261030,20261030
7003S,0,0,0,0,0,1,0,20261031,20261031
7004D,0,0,0,0,0,0,1,20261101,20261101
7005L,1,0,0,0,0,0,0,20261102,20261102
7006M,0,1,0,0,0,0,0,20261103,20261103
7007X,0,0,1,0,0,0,0,20261104,20261104
7008J,0,0,0,1,0,0,0,20261105,20261105
7009V,0,0,0,0,1,0,0,20261106,20261106
7010S,0,0,0,0,0,1,0,20261107,20261107
7011D,0,0,0,0,0,0,1,20261108,20261108
7081S,0,0,0,0,0,1,0,20261010,20261010
7082D,0,0,0,0,0,0,1,20261011,20261011
7083L,1,0,0,0,0,0,0,20261012,20261012
7084M,0,1,0,0,0,0,0,20261013,20261013
7085X,0,0,1,0,0,0,0,20261014,20261014
7086J,0,0,0,1,0,0,0,20261015,20261015
7087V,0,0,0,0,1,0,0,20261016,20261016
7088S,0,0,0,0,0,1,0,20261017,20261017
7089D,0,0,0,0,0,0,1,20261018,20261018
7090L,1,0,0,0,0,0,0,20261019,20261019
7091M,0,1,0,0,0,0,0,20261020,20261020
7092X,0,0,1,0,0,0,0,20261021,20261021
7093J,0,0,0,1,0,0,0,20261022,20261022
7094V,0,0,0,0,1,0,0,20261023,20261023
7095S,0,0,0,0,0,1,0,20261024,20261024
7096D,0,0,0,0,0,0,1,20261025,20261025
7097L,1,0,0,0,0,0,0,20261026,20261026
7098M,0,1,0,0,0,0,0,20261027,20261027
7099X,0,0,1,0,0,0,0,20261028,20261028
